{
  "config": {
    "seed": 42,
    "max_molecules": null,
    "num_features": 4,
    "reps": 1,
    "entanglement": "linear",
    "outer_folds": 3,
    "alpha": 0.1,
    "kernel": "rbf"
  },
  "quantum_scores": [
    {
      "MAE": 0.4457574471963198,
      "R2": 0.21964012385866427,
      "alpha": 0.1
    },
    {
      "MAE": 0.4877396354444811,
      "R2": 0.06374435309670445,
      "alpha": 1.0
    },
    {
      "MAE": 0.4309442069603078,
      "R2": -0.06929190451283973,
      "alpha": 0.1
    }
  ],
  "summary": {
    "mean_mae": 0.45481376320036954,
    "std_mae": 0.024054699039884327,
    "mean_r2": 0.07136419081417633,
    "std_r2": 0.11807900095514685
  }
}